team,opponent,home_score,away_score,game_duration,attendance,game_start,game_finish
TOR,BOS,6,3,2:24,50171,2008-04-04 19:07:00,2008-04-04 21:31:00
TOR,BOS,10,2,3:02,35238,2008-04-05 15:07:00,2008-04-05 18:09:00
TOR,BOS,7,4,2:58,30114,2008-04-06 13:07:00,2008-04-06 16:05:00
TOR,OAK,8,9,3:16,31336,2008-04-08 19:07:00,2008-04-08 22:23:00
TOR,OAK,3,6,3:31,16102,2008-04-09 19:07:00,2008-04-09 22:38:00
TOR,OAK,2,3,3:54,16521,2008-04-10 19:07:00,2008-04-10 23:01:00
TOR,TEX,5,7,4:53,15686,2008-04-16 19:07:00,2008-04-17 00:00:00
TOR,TEX,1,4,2:33,15809,2008-04-17 19:07:00,2008-04-17 21:40:00
TOR,DET,4,8,3:08,24294,2008-04-18 19:07:00,2008-04-18 22:15:00
TOR,DET,3,2,2:54,31052,2008-04-19 15:07:00,2008-04-19 18:01:00
TOR,DET,5,3,2:54,30139,2008-04-20 13:07:00,2008-04-20 16:01:00
TOR,DET,1,5,3:01,25287,2008-04-21 12:37:00,2008-04-21 15:38:00
TOR,CHW,2,0,2:10,21057,2008-05-02 19:07:00,2008-05-02 21:17:00
TOR,CHW,5,2,2:36,27778,2008-05-03 15:07:00,2008-05-03 17:43:00
TOR,CHW,4,3,2:12,26247,2008-05-04 13:07:00,2008-05-04 15:19:00
TOR,CHW,1,0,2:40,16602,2008-05-05 19:07:00,2008-05-05 21:47:00
TOR,TBR,4,5,2:51,30397,2008-05-06 19:07:00,2008-05-06 21:58:00
TOR,TBR,6,2,2:47,19276,2008-05-07 19:07:00,2008-05-07 21:54:00
TOR,TBR,3,8,4:04,21118,2008-05-08 19:07:00,2008-05-08 23:11:00
TOR,LAA,1,3,2:46,31487,2008-05-20 19:07:00,2008-05-20 21:53:00
TOR,LAA,3,4,2:50,20163,2008-05-21 19:07:00,2008-05-21 21:57:00
TOR,LAA,4,3,2:37,22007,2008-05-22 19:07:00,2008-05-22 21:44:00
TOR,KCR,7,1,2:14,24207,2008-05-23 19:07:00,2008-05-23 21:21:00
TOR,KCR,6,0,2:37,28162,2008-05-24 15:07:00,2008-05-24 17:44:00
TOR,KCR,3,1,2:40,29315,2008-05-25 13:07:00,2008-05-25 15:47:00
TOR,KCR,7,2,2:32,23157,2008-05-26 12:37:00,2008-05-26 15:09:00
TOR,BAL,5,6,3:15,23649,2008-06-06 19:07:00,2008-06-06 22:22:00
TOR,BAL,5,9,2:57,25122,2008-06-07 15:07:00,2008-06-07 18:04:00
TOR,BAL,5,4,2:30,25365,2008-06-08 13:07:00,2008-06-08 15:37:00
TOR,SEA,2,3,3:21,20073,2008-06-09 19:07:00,2008-06-09 22:28:00
TOR,SEA,3,1,2:02,36170,2008-06-10 19:07:00,2008-06-10 21:09:00
TOR,SEA,1,2,2:34,35702,2008-06-11 12:37:00,2008-06-11 15:11:00
TOR,CHC,3,2,3:09,27803,2008-06-13 19:07:00,2008-06-13 22:16:00
TOR,CHC,2,6,2:38,34048,2008-06-14 15:07:00,2008-06-14 17:45:00
TOR,CHC,4,7,2:59,40738,2008-06-15 13:07:00,2008-06-15 16:06:00
TOR,CIN,14,1,2:42,28153,2008-06-24 19:07:00,2008-06-24 21:49:00
TOR,CIN,5,6,3:35,25437,2008-06-25 19:07:00,2008-06-25 22:42:00
TOR,CIN,7,1,2:26,25129,2008-06-26 19:07:00,2008-06-26 21:33:00
TOR,ATL,0,4,2:33,24282,2008-06-27 19:07:00,2008-06-27 21:40:00
TOR,ATL,9,5,2:58,28518,2008-06-28 15:07:00,2008-06-28 18:05:00
TOR,ATL,1,0,2:35,30514,2008-06-29 13:07:00,2008-06-29 15:42:00
TOR,BAL,7,6,3:03,23276,2008-07-08 19:07:00,2008-07-08 22:10:00
TOR,BAL,9,8,3:03,22365,2008-07-09 19:07:00,2008-07-09 22:10:00
TOR,BAL,6,5,2:39,22279,2008-07-10 19:07:00,2008-07-10 21:46:00
TOR,NYY,5,0,2:21,43078,2008-07-11 19:07:00,2008-07-11 21:28:00
TOR,NYY,4,9,3:19,44363,2008-07-12 15:07:00,2008-07-12 18:26:00
TOR,NYY,4,1,2:35,43854,2008-07-13 13:07:00,2008-07-13 15:42:00
TOR,SEA,5,4,3:32,28463,2008-07-25 19:07:00,2008-07-25 22:39:00
TOR,SEA,8,3,2:26,33041,2008-07-26 15:07:00,2008-07-26 17:33:00
TOR,SEA,1,5,2:28,33367,2008-07-27 13:07:00,2008-07-27 15:35:00
TOR,TBR,3,1,2:24,23476,2008-07-28 19:07:00,2008-07-28 21:31:00
TOR,TBR,0,3,2:27,26791,2008-07-29 19:07:00,2008-07-29 21:34:00
TOR,TBR,2,3,2:54,40322,2008-07-30 12:37:00,2008-07-30 15:31:00
TOR,OAK,6,1,2:43,24761,2008-08-04 19:07:00,2008-08-04 21:50:00
TOR,OAK,4,3,2:38,23580,2008-08-05 19:07:00,2008-08-05 21:45:00
TOR,OAK,5,1,2:15,29256,2008-08-06 19:07:00,2008-08-06 21:22:00
TOR,OAK,6,4,2:59,28821,2008-08-07 19:07:00,2008-08-07 22:06:00
TOR,CLE,2,5,2:47,31627,2008-08-08 19:07:00,2008-08-08 21:54:00
TOR,CLE,2,4,2:28,39623,2008-08-09 15:07:00,2008-08-09 17:35:00
TOR,CLE,0,4,2:34,36447,2008-08-10 13:07:00,2008-08-10 15:41:00
TOR,NYY,2,1,2:28,37221,2008-08-19 19:07:00,2008-08-19 21:35:00
TOR,NYY,1,5,2:22,34910,2008-08-20 19:07:00,2008-08-20 21:29:00
TOR,NYY,14,3,2:57,37037,2008-08-21 19:07:00,2008-08-21 22:04:00
TOR,BOS,4,8,3:18,40181,2008-08-22 19:07:00,2008-08-22 22:25:00
TOR,BOS,11,0,3:09,44896,2008-08-23 15:07:00,2008-08-23 18:16:00
TOR,BOS,5,6,3:42,44521,2008-08-24 13:07:00,2008-08-24 16:49:00
TOR,MIN,7,5,2:53,21254,2008-09-02 19:07:00,2008-09-02 22:00:00
TOR,MIN,5,4,3:35,21475,2008-09-03 19:07:00,2008-09-03 22:42:00
TOR,MIN,9,0,2:46,25128,2008-09-04 19:07:00,2008-09-04 21:53:00
TOR,TBR,6,4,2:24,32477,2008-09-05 19:07:00,2008-09-05 21:31:00
TOR,TBR,7,4,4:15,34649,2008-09-06 15:07:00,2008-09-06 19:22:00
TOR,TBR,1,0,2:39,39854,2008-09-07 13:07:00,2008-09-07 15:46:00
TOR,BAL,0,2,2:35,25746,2008-09-16 19:07:00,2008-09-16 21:42:00
TOR,BAL,8,7,2:41,24546,2008-09-17 19:07:00,2008-09-17 21:48:00
TOR,BAL,3,2,2:36,29063,2008-09-18 19:07:00,2008-09-18 21:43:00
TOR,BOS,3,4,3:16,34982,2008-09-19 19:07:00,2008-09-19 22:23:00
TOR,BOS,6,3,2:40,40554,2008-09-20 15:07:00,2008-09-20 17:47:00
TOR,BOS,0,3,2:43,38814,2008-09-21 13:07:00,2008-09-21 15:50:00
TOR,NYY,1,3,2:49,27216,2008-09-23 19:07:00,2008-09-23 21:56:00
TOR,NYY,2,6,2:46,28701,2008-09-24 19:07:00,2008-09-24 21:53:00
TOR,NYY,8,2,2:33,44346,2008-09-25 19:07:00,2008-09-25 21:40:00
TOR,DET,12,5,2:43,48027,2009-04-06 19:07:00,2009-04-06 21:50:00
TOR,DET,5,4,2:40,16790,2009-04-07 19:07:00,2009-04-07 21:47:00
TOR,DET,1,5,2:25,12145,2009-04-08 19:07:00,2009-04-08 21:32:00
TOR,DET,6,2,2:41,15297,2009-04-09 12:37:00,2009-04-09 15:18:00
TOR,OAK,5,8,3:08,18272,2009-04-17 19:07:00,2009-04-17 22:15:00
TOR,OAK,4,2,3:23,21698,2009-04-18 15:07:00,2009-04-18 18:30:00
TOR,OAK,1,0,2:19,22164,2009-04-19 13:07:00,2009-04-19 15:26:00
TOR,TEX,4,5,2:46,20996,2009-04-21 19:07:00,2009-04-21 21:53:00
TOR,TEX,8,7,3:48,13090,2009-04-22 19:07:00,2009-04-22 22:55:00
TOR,TEX,5,2,2:38,15487,2009-04-23 19:07:00,2009-04-23 21:45:00
TOR,BAL,8,4,2:59,20202,2009-05-01 19:07:00,2009-05-01 22:06:00
TOR,BAL,5,4,3:24,18331,2009-05-02 15:07:00,2009-05-02 18:31:00
TOR,BAL,4,3,2:15,20418,2009-05-03 13:07:00,2009-05-03 15:22:00
TOR,CLE,7,9,3:59,15295,2009-05-04 19:07:00,2009-05-04 23:06:00
TOR,CLE,10,6,3:12,22005,2009-05-05 12:37:00,2009-05-05 15:49:00
TOR,NYY,5,1,2:22,43737,2009-05-12 19:07:00,2009-05-12 21:29:00
TOR,NYY,2,8,3:09,20164,2009-05-13 19:07:00,2009-05-13 22:16:00
TOR,NYY,2,3,2:52,22667,2009-05-14 19:07:00,2009-05-14 21:59:00
TOR,CHW,8,3,2:23,17241,2009-05-15 19:07:00,2009-05-15 21:30:00
TOR,CHW,2,1,2:26,21759,2009-05-16 15:07:00,2009-05-16 17:33:00
TOR,CHW,8,2,2:28,37147,2009-05-17 13:07:00,2009-05-17 15:35:00
TOR,CHW,3,2,2:18,24206,2009-05-18 12:37:00,2009-05-18 14:55:00
TOR,BOS,6,3,2:43,32026,2009-05-29 19:07:00,2009-05-29 21:50:00
TOR,BOS,5,3,2:53,35484,2009-05-30 15:07:00,2009-05-30 18:00:00
TOR,BOS,2,8,3:08,30496,2009-05-31 13:07:00,2009-05-31 16:15:00
TOR,LAA,6,4,2:22,26809,2009-06-02 19:07:00,2009-06-02 21:29:00
TOR,LAA,1,8,2:36,17127,2009-06-03 19:07:00,2009-06-03 21:43:00
TOR,LAA,5,6,3:00,31163,2009-06-04 12:37:00,2009-06-04 15:37:00
TOR,KCR,9,3,2:27,15435,2009-06-05 19:07:00,2009-06-05 21:34:00
TOR,KCR,2,6,2:31,16552,2009-06-06 15:07:00,2009-06-06 17:38:00
TOR,KCR,4,0,2:09,21071,2009-06-07 13:07:00,2009-06-07 15:16:00
TOR,FLA,3,7,3:16,17922,2009-06-12 19:07:00,2009-06-12 22:23:00
TOR,FLA,5,6,3:06,20634,2009-06-13 15:07:00,2009-06-13 18:13:00
TOR,FLA,3,11,2:38,20985,2009-06-14 13:07:00,2009-06-14 15:45:00
TOR,CIN,7,5,2:56,30351,2009-06-23 19:07:00,2009-06-23 22:03:00
TOR,CIN,8,2,2:48,15409,2009-06-24 19:07:00,2009-06-24 21:55:00
TOR,CIN,5,7,2:49,15329,2009-06-25 19:07:00,2009-06-25 21:56:00
TOR,PHI,6,1,2:56,21331,2009-06-26 19:07:00,2009-06-26 22:03:00
TOR,PHI,0,10,2:37,28801,2009-06-27 15:07:00,2009-06-27 17:44:00
TOR,PHI,4,5,3:04,36379,2009-06-28 13:07:00,2009-06-28 16:11:00
TOR,TBR,1,4,2:32,15665,2009-06-29 19:07:00,2009-06-29 21:39:00
TOR,TBR,1,4,3:07,15477,2009-06-30 19:07:00,2009-06-30 22:14:00
TOR,TBR,5,0,2:24,30533,2009-07-01 12:37:00,2009-07-01 15:01:00
TOR,BOS,1,4,2:55,32928,2009-07-17 19:07:00,2009-07-17 22:02:00
TOR,BOS,6,2,2:43,36926,2009-07-18 15:07:00,2009-07-18 17:50:00
TOR,BOS,3,1,2:15,36534,2009-07-19 13:07:00,2009-07-19 15:22:00
TOR,CLE,1,2,2:40,18330,2009-07-21 19:07:00,2009-07-21 21:47:00
TOR,CLE,10,6,3:01,18375,2009-07-22 19:07:00,2009-07-22 22:08:00
TOR,CLE,4,5,2:46,32061,2009-07-23 12:37:00,2009-07-23 15:23:00
TOR,TBR,2,4,2:50,24161,2009-07-24 19:07:00,2009-07-24 21:57:00
TOR,TBR,9,10,4:24,26527,2009-07-25 15:07:00,2009-07-25 19:31:00
TOR,TBR,5,1,2:25,30610,2009-07-26 13:07:00,2009-07-26 15:32:00
TOR,NYY,3,5,2:35,33669,2009-08-04 19:07:00,2009-08-04 21:42:00
TOR,NYY,4,8,3:13,31402,2009-08-05 19:07:00,2009-08-05 22:20:00
TOR,BAL,5,7,2:54,30795,2009-08-07 19:07:00,2009-08-07 22:01:00
TOR,BAL,3,2,3:12,28613,2009-08-08 15:07:00,2009-08-08 18:19:00
TOR,BAL,7,3,2:40,27464,2009-08-09 13:07:00,2009-08-09 15:47:00
TOR,BOS,9,10,3:28,25472,2009-08-18 19:07:00,2009-08-18 22:35:00
TOR,BOS,1,6,2:57,25925,2009-08-19 19:07:00,2009-08-19 22:04:00
TOR,BOS,1,8,2:41,22817,2009-08-20 19:07:00,2009-08-20 21:48:00
TOR,LAA,5,4,2:56,15993,2009-08-21 19:07:00,2009-08-21 22:03:00
TOR,LAA,3,7,2:41,23235,2009-08-22 15:07:00,2009-08-22 17:48:00
TOR,LAA,8,3,3:17,23935,2009-08-23 13:07:00,2009-08-23 16:24:00
TOR,TBR,7,12,2:52,17184,2009-08-24 19:07:00,2009-08-24 21:59:00
TOR,TBR,3,7,3:13,17307,2009-08-25 19:07:00,2009-08-25 22:20:00
TOR,TBR,3,2,3:47,15349,2009-08-26 19:07:00,2009-08-26 22:54:00
TOR,NYY,5,10,3:37,22773,2009-09-03 19:07:00,2009-09-03 22:44:00
TOR,NYY,6,0,2:37,22179,2009-09-04 19:07:00,2009-09-04 21:44:00
TOR,NYY,4,6,3:52,31295,2009-09-05 15:07:00,2009-09-05 18:59:00
TOR,NYY,14,8,3:26,30873,2009-09-06 13:07:00,2009-09-06 16:33:00
TOR,MIN,3,6,2:56,13153,2009-09-07 12:37:00,2009-09-07 15:33:00
TOR,MIN,6,3,2:54,13488,2009-09-08 19:07:00,2009-09-08 22:01:00
TOR,MIN,1,4,2:23,11159,2009-09-09 19:07:00,2009-09-09 21:30:00
TOR,MIN,3,2,2:39,11461,2009-09-10 12:37:00,2009-09-10 15:16:00
TOR,BAL,9,2,2:56,11598,2009-09-21 19:07:00,2009-09-21 22:03:00
TOR,BAL,6,5,3:10,11869,2009-09-22 19:07:00,2009-09-22 22:17:00
TOR,BAL,7,3,2:37,13743,2009-09-23 19:07:00,2009-09-23 21:44:00
TOR,SEA,4,5,2:55,15306,2009-09-24 19:07:00,2009-09-24 22:02:00
TOR,SEA,5,0,2:11,20668,2009-09-25 19:07:00,2009-09-25 21:18:00
TOR,SEA,5,4,3:11,29783,2009-09-26 15:07:00,2009-09-26 18:18:00
TOR,SEA,5,4,2:32,39052,2009-09-27 13:07:00,2009-09-27 15:39:00
TOR,CHW,7,8,3:29,46321,2010-04-12 19:07:00,2010-04-12 22:36:00
TOR,CHW,4,2,2:11,12167,2010-04-13 19:07:00,2010-04-13 21:18:00
TOR,CHW,1,11,2:47,10610,2010-04-14 19:07:00,2010-04-14 21:54:00
TOR,CHW,7,3,2:47,10744,2010-04-15 19:07:00,2010-04-15 21:54:00
TOR,LAA,5,7,2:48,14779,2010-04-16 19:07:00,2010-04-16 21:55:00
TOR,LAA,3,6,2:41,17187,2010-04-17 15:07:00,2010-04-17 17:48:00
TOR,LAA,1,3,2:21,14246,2010-04-18 13:07:00,2010-04-18 15:28:00
TOR,KCR,8,1,2:42,10314,2010-04-19 19:07:00,2010-04-19 21:49:00
TOR,KCR,4,3,2:30,10565,2010-04-20 19:07:00,2010-04-20 21:37:00
TOR,KCR,3,4,2:40,15577,2010-04-21 12:37:00,2010-04-21 15:17:00
TOR,BOS,12,13,4:03,13847,2010-04-26 19:07:00,2010-04-26 23:10:00
TOR,BOS,1,2,2:49,14776,2010-04-27 19:07:00,2010-04-27 21:56:00
TOR,BOS,0,2,2:54,15276,2010-04-28 19:07:00,2010-04-28 22:01:00
TOR,OAK,6,3,2:37,10721,2010-04-29 19:07:00,2010-04-29 21:44:00
TOR,OAK,10,2,2:41,12722,2010-04-30 19:07:00,2010-04-30 21:48:00
TOR,OAK,3,4,2:33,13951,2010-05-01 15:07:00,2010-05-01 17:40:00
TOR,OAK,9,3,2:33,14725,2010-05-02 13:07:00,2010-05-02 15:40:00
TOR,TEX,16,10,3:21,16020,2010-05-14 19:07:00,2010-05-14 22:28:00
TOR,TEX,6,0,2:22,15945,2010-05-15 15:07:00,2010-05-15 17:29:00
TOR,TEX,5,2,2:36,25518,2010-05-16 13:07:00,2010-05-16 15:43:00
TOR,MIN,3,8,2:57,13892,2010-05-17 19:07:00,2010-05-17 22:04:00
TOR,MIN,11,2,2:33,27981,2010-05-18 12:37:00,2010-05-18 15:10:00
TOR,BAL,5,0,2:35,16360,2010-05-28 19:07:00,2010-05-28 21:42:00
TOR,BAL,5,2,2:35,16194,2010-05-29 15:07:00,2010-05-29 17:42:00
TOR,BAL,6,1,2:05,15878,2010-05-30 13:07:00,2010-05-30 15:12:00
TOR,TBR,3,2,2:46,11335,2010-05-31 19:07:00,2010-05-31 21:53:00
TOR,TBR,6,7,3:22,13439,2010-06-01 19:07:00,2010-06-01 22:29:00
TOR,TBR,3,7,2:55,13517,2010-06-02 19:07:00,2010-06-02 22:02:00
TOR,NYY,6,1,2:47,30089,2010-06-04 19:07:00,2010-06-04 21:54:00
TOR,NYY,3,2,4:09,37165,2010-06-05 15:07:00,2010-06-05 19:16:00
TOR,NYY,3,4,3:01,33622,2010-06-06 13:07:00,2010-06-06 16:08:00
TOR,SFG,3,2,2:17,18667,2010-06-18 19:07:00,2010-06-18 21:24:00
TOR,SFG,3,0,2:15,20666,2010-06-19 15:07:00,2010-06-19 17:22:00
TOR,SFG,6,9,3:27,21431,2010-06-20 13:07:00,2010-06-20 16:34:00
TOR,STL,4,9,2:34,16830,2010-06-22 19:07:00,2010-06-22 21:41:00
TOR,STL,0,1,2:31,14079,2010-06-23 19:07:00,2010-06-23 21:38:00
TOR,STL,5,0,2:26,12392,2010-06-24 19:07:00,2010-06-24 21:33:00
TOR,MIN,6,7,2:35,15072,2010-07-06 19:07:00,2010-07-06 21:42:00
TOR,MIN,6,5,2:54,14886,2010-07-07 19:07:00,2010-07-07 22:01:00
TOR,MIN,8,1,2:15,15601,2010-07-08 19:07:00,2010-07-08 21:22:00
TOR,BOS,3,14,3:13,27567,2010-07-09 19:07:00,2010-07-09 22:20:00
TOR,BOS,9,5,3:29,35037,2010-07-10 15:07:00,2010-07-10 18:36:00
TOR,BOS,2,3,2:32,26062,2010-07-11 13:07:00,2010-07-11 15:39:00
TOR,BAL,9,5,2:39,17422,2010-07-26 19:07:00,2010-07-26 21:46:00
TOR,BAL,8,2,2:40,16862,2010-07-27 19:07:00,2010-07-27 21:47:00
TOR,BAL,5,0,2:24,17041,2010-07-28 19:07:00,2010-07-28 21:31:00
TOR,CLE,8,1,2:42,20228,2010-07-30 19:07:00,2010-07-30 21:49:00
TOR,CLE,1,2,2:48,22663,2010-07-31 15:07:00,2010-07-31 17:55:00
TOR,CLE,4,5,2:59,21797,2010-08-01 13:07:00,2010-08-01 16:06:00
TOR,TBR,2,1,2:23,22520,2010-08-06 19:07:00,2010-08-06 21:30:00
TOR,TBR,17,11,3:18,24168,2010-08-07 15:07:00,2010-08-07 18:25:00
TOR,TBR,1,0,2:29,22313,2010-08-08 13:07:00,2010-08-08 15:36:00
TOR,BOS,5,7,3:11,27690,2010-08-10 19:07:00,2010-08-10 22:18:00
TOR,BOS,1,10,3:00,28308,2010-08-11 19:07:00,2010-08-11 22:07:00
TOR,BOS,6,5,2:53,36271,2010-08-12 12:37:00,2010-08-12 15:30:00
TOR,NYY,3,2,2:41,29198,2010-08-23 19:07:00,2010-08-23 21:48:00
TOR,NYY,5,11,3:04,30567,2010-08-24 19:07:00,2010-08-24 22:11:00
TOR,NYY,6,3,2:49,31449,2010-08-25 19:07:00,2010-08-25 21:56:00
TOR,DET,1,7,2:26,16088,2010-08-26 19:07:00,2010-08-26 21:33:00
TOR,DET,3,2,3:32,20298,2010-08-27 19:07:00,2010-08-27 22:39:00
TOR,DET,5,4,2:51,27119,2010-08-28 15:07:00,2010-08-28 17:58:00
TOR,DET,4,10,2:39,26624,2010-08-29 13:07:00,2010-08-29 15:46:00
TOR,TEX,7,2,2:14,17559,2010-09-06 12:37:00,2010-09-06 14:51:00
TOR,TEX,8,5,2:42,10518,2010-09-07 19:07:00,2010-09-07 21:49:00
TOR,TEX,1,8,2:49,10616,2010-09-08 19:07:00,2010-09-08 21:56:00
TOR,TEX,2,4,2:30,10658,2010-09-09 19:07:00,2010-09-09 21:37:00
TOR,TBR,8,9,3:01,14305,2010-09-10 19:07:00,2010-09-10 22:08:00
TOR,TBR,1,13,3:00,17632,2010-09-11 15:07:00,2010-09-11 18:07:00
TOR,TBR,5,4,3:02,14658,2010-09-12 13:07:00,2010-09-12 16:09:00
TOR,SEA,5,3,2:12,12158,2010-09-21 19:07:00,2010-09-21 21:19:00
TOR,SEA,3,6,2:33,12302,2010-09-22 19:07:00,2010-09-22 21:40:00
TOR,SEA,1,0,2:21,12590,2010-09-23 12:37:00,2010-09-23 14:58:00
TOR,BAL,6,4,2:53,13412,2010-09-24 19:07:00,2010-09-24 22:00:00
TOR,BAL,5,4,3:12,21504,2010-09-25 15:07:00,2010-09-25 18:19:00
TOR,BAL,5,2,2:48,17831,2010-09-26 13:07:00,2010-09-26 15:55:00
TOR,NYY,7,5,2:48,16004,2010-09-27 19:07:00,2010-09-27 21:55:00
TOR,NYY,1,6,2:55,18193,2010-09-28 19:07:00,2010-09-28 22:02:00
TOR,NYY,8,4,3:05,33143,2010-09-29 19:07:00,2010-09-29 22:12:00
TOR,MIN,13,3,2:45,47984,2011-04-01 19:07:00,2011-04-01 21:52:00
TOR,MIN,6,1,2:30,27194,2011-04-02 15:07:00,2011-04-02 17:37:00
TOR,MIN,3,4,2:58,35505,2011-04-03 13:07:00,2011-04-03 16:05:00
TOR,OAK,7,6,2:54,11077,2011-04-05 19:07:00,2011-04-05 22:01:00
TOR,OAK,5,3,2:18,11684,2011-04-06 19:07:00,2011-04-06 21:25:00
TOR,OAK,1,2,2:32,19528,2011-04-07 12:37:00,2011-04-07 15:09:00
TOR,NYY,6,5,3:59,25250,2011-04-19 19:07:00,2011-04-19 23:06:00
TOR,NYY,2,6,2:59,26062,2011-04-20 19:07:00,2011-04-20 22:06:00
TOR,TBR,6,4,3:45,23192,2011-04-22 19:07:00,2011-04-22 22:52:00
TOR,TBR,4,6,2:46,21826,2011-04-23 15:07:00,2011-04-23 17:53:00
TOR,TBR,0,2,2:05,14456,2011-04-24 13:07:00,2011-04-24 15:12:00
TOR,DET,7,4,2:52,19711,2011-05-06 19:07:00,2011-05-06 21:59:00
TOR,DET,0,9,2:35,23453,2011-05-07 15:07:00,2011-05-07 17:42:00
TOR,DET,2,5,2:35,17392,2011-05-08 13:07:00,2011-05-08 15:42:00
TOR,DET,5,10,3:26,11785,2011-05-09 19:07:00,2011-05-09 22:33:00
TOR,BOS,7,6,3:53,17820,2011-05-10 19:07:00,2011-05-10 23:00:00
TOR,BOS,9,3,2:49,19163,2011-05-11 19:07:00,2011-05-11 21:56:00
TOR,TBR,5,6,3:18,14415,2011-05-18 19:07:00,2011-05-18 22:25:00
TOR,TBR,3,2,2:16,12590,2011-05-19 19:07:00,2011-05-19 21:23:00
TOR,HOU,2,5,3:05,15478,2011-05-20 19:07:00,2011-05-20 22:12:00
TOR,HOU,7,5,2:37,21494,2011-05-21 15:07:00,2011-05-21 17:44:00
TOR,HOU,2,3,2:54,19487,2011-05-22 13:07:00,2011-05-22 16:01:00
TOR,CHW,1,3,2:54,14353,2011-05-26 19:07:00,2011-05-26 22:01:00
TOR,CHW,4,2,2:52,16668,2011-05-27 19:07:00,2011-05-27 21:59:00
TOR,CHW,9,8,4:17,22659,2011-05-28 15:07:00,2011-05-28 19:24:00
TOR,CHW,13,4,2:33,18325,2011-05-29 13:07:00,2011-05-29 15:40:00
TOR,CLE,11,1,2:21,12902,2011-05-30 19:07:00,2011-05-30 21:28:00
TOR,CLE,3,6,3:01,14556,2011-05-31 19:07:00,2011-05-31 22:08:00
TOR,CLE,9,13,3:12,15397,2011-06-01 19:07:00,2011-06-01 22:19:00
TOR,BOS,1,5,3:03,28588,2011-06-10 19:07:00,2011-06-10 22:10:00
TOR,BOS,4,16,3:35,39437,2011-06-11 15:07:00,2011-06-11 18:42:00
TOR,BOS,1,14,2:54,30364,2011-06-12 13:07:00,2011-06-12 16:01:00
TOR,BAL,6,5,3:47,15592,2011-06-14 19:07:00,2011-06-14 22:54:00
TOR,BAL,4,1,2:27,14541,2011-06-15 19:07:00,2011-06-15 21:34:00
TOR,BAL,3,4,2:31,31822,2011-06-16 12:37:00,2011-06-16 15:08:00
TOR,PIT,6,7,3:11,17085,2011-06-28 19:07:00,2011-06-28 22:18:00
TOR,PIT,2,1,2:42,15632,2011-06-29 19:07:00,2011-06-29 21:49:00
TOR,PIT,2,6,2:35,14939,2011-06-30 19:07:00,2011-06-30 21:42:00
TOR,PHI,6,7,3:02,45512,2011-07-01 12:37:00,2011-07-01 15:39:00
TOR,PHI,3,5,2:49,44078,2011-07-02 15:07:00,2011-07-02 17:56:00
TOR,PHI,7,4,2:26,26204,2011-07-03 13:07:00,2011-07-03 15:33:00
TOR,NYY,16,7,2:59,37342,2011-07-14 19:07:00,2011-07-14 22:06:00
TOR,NYY,7,1,3:01,33525,2011-07-15 19:07:00,2011-07-15 22:08:00
TOR,NYY,1,4,2:56,45606,2011-07-16 15:07:00,2011-07-16 18:03:00
TOR,NYY,2,7,2:50,36586,2011-07-17 13:07:00,2011-07-17 15:57:00
TOR,SEA,6,5,4:21,15957,2011-07-19 19:07:00,2011-07-19 23:28:00
TOR,SEA,11,6,2:42,18093,2011-07-20 19:07:00,2011-07-20 21:49:00
TOR,SEA,7,5,2:37,23146,2011-07-21 12:37:00,2011-07-21 15:14:00
TOR,BAL,4,12,3:07,17477,2011-07-26 19:07:00,2011-07-26 22:14:00
TOR,BAL,3,0,2:46,16861,2011-07-27 19:07:00,2011-07-27 21:53:00
TOR,BAL,8,5,2:48,16152,2011-07-28 19:07:00,2011-07-28 21:55:00
TOR,TEX,3,2,2:31,19287,2011-07-29 19:07:00,2011-07-29 21:38:00
TOR,TEX,0,3,2:29,22560,2011-07-30 15:07:00,2011-07-30 17:36:00
TOR,TEX,7,3,2:42,45629,2011-07-31 13:07:00,2011-07-31 15:49:00
TOR,OAK,1,4,2:31,20521,2011-08-09 19:07:00,2011-08-09 21:38:00
TOR,OAK,8,4,3:01,19541,2011-08-10 19:07:00,2011-08-10 22:08:00
TOR,OAK,3,10,3:22,27918,2011-08-11 12:37:00,2011-08-11 15:59:00
TOR,LAA,1,5,2:19,24731,2011-08-12 19:07:00,2011-08-12 21:26:00
TOR,LAA,11,2,2:39,27185,2011-08-13 15:07:00,2011-08-13 17:46:00
TOR,LAA,5,4,2:52,23355,2011-08-14 13:07:00,2011-08-14 15:59:00
TOR,KCR,4,6,2:53,20009,2011-08-23 19:07:00,2011-08-23 22:00:00
TOR,KCR,4,3,2:46,18292,2011-08-24 19:07:00,2011-08-24 21:53:00
TOR,KCR,6,9,3:16,17355,2011-08-25 19:07:00,2011-08-25 22:23:00
TOR,TBR,1,6,2:40,20491,2011-08-26 19:07:00,2011-08-26 21:47:00
TOR,TBR,5,6,3:24,24052,2011-08-27 15:07:00,2011-08-27 18:31:00
TOR,TBR,0,12,3:16,21618,2011-08-28 13:07:00,2011-08-28 16:23:00
TOR,TBR,7,3,3:02,19725,2011-08-29 19:07:00,2011-08-29 22:09:00
TOR,BOS,1,0,3:51,27573,2011-09-05 12:37:00,2011-09-05 16:28:00
TOR,BOS,0,14,3:10,17565,2011-09-06 19:07:00,2011-09-06 22:17:00
TOR,BOS,11,10,3:29,16154,2011-09-07 19:07:00,2011-09-07 22:36:00
TOR,BOS,7,4,2:50,17189,2011-09-08 19:07:00,2011-09-08 21:57:00
TOR,BAL,0,2,2:23,13918,2011-09-09 19:07:00,2011-09-09 21:30:00
TOR,BAL,5,4,2:44,17742,2011-09-10 15:07:00,2011-09-10 17:51:00
TOR,BAL,6,5,3:01,14235,2011-09-11 13:07:00,2011-09-11 16:08:00
TOR,NYY,5,4,3:15,29323,2011-09-16 19:07:00,2011-09-16 22:22:00
TOR,NYY,6,7,2:50,39288,2011-09-17 15:07:00,2011-09-17 17:57:00
TOR,NYY,3,0,2:45,34657,2011-09-18 13:07:00,2011-09-18 15:52:00
TOR,LAA,3,2,2:49,11178,2011-09-19 19:07:00,2011-09-19 21:56:00
TOR,LAA,6,10,3:06,13514,2011-09-20 19:07:00,2011-09-20 22:13:00
TOR,LAA,2,7,2:51,14784,2011-09-21 19:07:00,2011-09-21 21:58:00
TOR,LAA,4,3,3:43,22769,2011-09-22 19:07:00,2011-09-22 22:50:00
TOR,BOS,2,4,3:02,48473,2012-04-09 19:07:00,2012-04-09 22:09:00
TOR,BOS,7,3,3:19,26351,2012-04-10 19:07:00,2012-04-10 22:26:00
TOR,BOS,3,1,2:13,25285,2012-04-11 12:37:00,2012-04-11 14:50:00
TOR,BAL,5,7,2:40,21988,2012-04-13 19:07:00,2012-04-13 21:47:00
TOR,BAL,4,6,2:57,28355,2012-04-14 15:07:00,2012-04-14 18:04:00
TOR,BAL,9,2,2:39,20252,2012-04-15 13:07:00,2012-04-15 15:46:00
TOR,TBR,7,3,3:05,15331,2012-04-17 19:07:00,2012-04-17 22:12:00
TOR,TBR,2,12,3:11,15828,2012-04-18 19:07:00,2012-04-18 22:18:00
TOR,TBR,4,9,3:43,18976,2012-04-19 19:07:00,2012-04-19 22:50:00
TOR,SEA,5,9,3:35,24303,2012-04-27 19:07:00,2012-04-27 22:42:00
TOR,SEA,7,0,2:45,30765,2012-04-28 15:07:00,2012-04-28 17:52:00
TOR,SEA,7,2,2:36,22320,2012-04-29 13:07:00,2012-04-29 15:43:00
TOR,TEX,1,4,2:59,21945,2012-04-30 19:07:00,2012-04-30 22:06:00
TOR,TEX,8,7,2:56,18774,2012-05-01 19:07:00,2012-05-01 22:03:00
TOR,TEX,11,5,2:45,25123,2012-05-02 12:37:00,2012-05-02 15:22:00
TOR,TBR,1,7,3:21,15289,2012-05-14 19:07:00,2012-05-14 22:28:00
TOR,TBR,3,4,2:36,15612,2012-05-15 19:07:00,2012-05-15 21:43:00
TOR,NYY,8,1,2:45,28915,2012-05-16 19:07:00,2012-05-16 21:52:00
TOR,NYY,4,1,2:37,31266,2012-05-17 19:07:00,2012-05-17 21:44:00
TOR,NYM,14,5,2:53,26712,2012-05-18 19:07:00,2012-05-18 22:00:00
TOR,NYM,2,0,2:12,34962,2012-05-19 15:07:00,2012-05-19 17:19:00
TOR,NYM,5,6,3:15,41867,2012-05-20 13:07:00,2012-05-20 16:22:00
TOR,BAL,6,2,2:48,16575,2012-05-28 19:07:00,2012-05-28 21:55:00
TOR,BAL,8,6,3:11,17352,2012-05-29 19:07:00,2012-05-29 22:18:00
TOR,BAL,4,1,2:28,17754,2012-05-30 19:07:00,2012-05-30 21:35:00
TOR,BOS,2,7,3:00,29678,2012-06-01 19:07:00,2012-06-01 22:07:00
TOR,BOS,4,7,3:05,43390,2012-06-02 15:07:00,2012-06-02 18:12:00
TOR,BOS,5,1,2:52,41925,2012-06-03 13:07:00,2012-06-03 15:59:00
TOR,WSN,3,6,3:03,18513,2012-06-11 19:07:00,2012-06-11 22:10:00
TOR,WSN,2,4,2:52,22538,2012-06-12 19:07:00,2012-06-12 21:59:00
TOR,WSN,2,6,2:52,41677,2012-06-13 12:37:00,2012-06-13 15:29:00
TOR,PHI,3,0,2:47,28266,2012-06-15 19:07:00,2012-06-15 21:54:00
TOR,PHI,6,5,3:14,42070,2012-06-16 15:07:00,2012-06-16 18:21:00
TOR,PHI,6,2,2:46,45060,2012-06-17 13:07:00,2012-06-17 15:53:00
TOR,LAA,7,9,3:16,24668,2012-06-28 19:07:00,2012-06-28 22:23:00
TOR,LAA,7,5,3:12,24538,2012-06-29 19:07:00,2012-06-29 22:19:00
TOR,LAA,11,2,2:44,29287,2012-06-30 15:07:00,2012-06-30 17:51:00
TOR,LAA,6,10,3:29,34853,2012-07-01 13:07:00,2012-07-01 16:36:00
TOR,KCR,3,11,2:36,17127,2012-07-02 19:07:00,2012-07-02 21:43:00
TOR,KCR,6,3,2:30,15516,2012-07-03 19:07:00,2012-07-03 21:37:00
TOR,KCR,4,1,2:45,17831,2012-07-04 19:07:00,2012-07-04 21:52:00
TOR,KCR,6,9,3:16,20598,2012-07-05 19:07:00,2012-07-05 22:23:00
TOR,CLE,0,1,2:40,32308,2012-07-13 19:07:00,2012-07-13 21:47:00
TOR,CLE,11,9,3:15,32517,2012-07-14 15:07:00,2012-07-14 18:22:00
TOR,CLE,3,0,2:42,26407,2012-07-15 13:07:00,2012-07-15 15:49:00
TOR,OAK,2,7,3:00,25686,2012-07-24 19:07:00,2012-07-24 22:07:00
TOR,OAK,0,16,3:12,23948,2012-07-25 19:07:00,2012-07-25 22:19:00
TOR,OAK,10,4,2:38,39003,2012-07-26 12:37:00,2012-07-26 15:15:00
TOR,DET,8,3,2:52,33962,2012-07-27 19:07:00,2012-07-27 21:59:00
TOR,DET,5,1,2:34,41832,2012-07-28 15:07:00,2012-07-28 17:41:00
TOR,DET,1,4,2:33,35975,2012-07-29 13:07:00,2012-07-29 15:40:00
TOR,NYY,4,10,3:08,41610,2012-08-10 19:07:00,2012-08-10 22:15:00
TOR,NYY,2,5,2:47,45582,2012-08-11 15:07:00,2012-08-11 17:54:00
TOR,NYY,10,7,2:49,43924,2012-08-12 13:07:00,2012-08-12 15:56:00
TOR,CHW,3,2,3:05,16828,2012-08-13 19:07:00,2012-08-13 22:12:00
TOR,CHW,2,3,2:31,18919,2012-08-14 19:07:00,2012-08-14 21:38:00
TOR,CHW,5,9,2:39,20119,2012-08-15 19:07:00,2012-08-15 21:46:00
TOR,CHW,2,7,2:34,19855,2012-08-16 19:07:00,2012-08-16 21:41:00
TOR,TEX,3,2,2:42,26816,2012-08-17 19:07:00,2012-08-17 21:49:00
TOR,TEX,1,2,2:47,30033,2012-08-18 15:07:00,2012-08-18 17:54:00
TOR,TEX,2,11,2:34,35701,2012-08-19 13:07:00,2012-08-19 15:41:00
TOR,TBR,2,0,2:34,22711,2012-08-30 19:07:00,2012-08-30 21:41:00
TOR,TBR,2,1,2:28,20158,2012-08-31 19:07:00,2012-08-31 21:35:00
TOR,TBR,4,5,3:14,20478,2012-09-01 15:07:00,2012-09-01 18:21:00
TOR,TBR,4,9,2:58,18568,2012-09-02 13:07:00,2012-09-02 16:05:00
TOR,BAL,0,4,2:51,17220,2012-09-03 12:37:00,2012-09-03 15:28:00
TOR,BAL,0,12,2:48,13556,2012-09-04 19:07:00,2012-09-04 21:55:00
TOR,BAL,6,4,2:46,14458,2012-09-05 19:07:00,2012-09-05 21:53:00
TOR,SEA,3,4,2:48,12935,2012-09-11 19:07:00,2012-09-11 21:55:00
TOR,SEA,2,3,2:55,13519,2012-09-12 19:07:00,2012-09-12 22:02:00
TOR,SEA,8,3,2:39,13756,2012-09-13 19:07:00,2012-09-13 21:46:00
TOR,BOS,5,8,3:42,21888,2012-09-14 19:07:00,2012-09-14 22:49:00
TOR,BOS,2,3,3:09,27325,2012-09-15 15:07:00,2012-09-15 18:16:00
TOR,BOS,5,0,2:42,21698,2012-09-16 13:07:00,2012-09-16 15:49:00
TOR,NYY,6,0,2:36,23060,2012-09-27 19:07:00,2012-09-27 21:43:00
TOR,NYY,4,11,3:43,25785,2012-09-28 19:07:00,2012-09-28 22:50:00
TOR,NYY,3,2,2:54,36139,2012-09-29 15:07:00,2012-09-29 18:01:00
TOR,NYY,6,9,3:25,31418,2012-09-30 13:07:00,2012-09-30 16:32:00
TOR,MIN,6,5,3:14,12359,2012-10-01 19:07:00,2012-10-01 22:21:00
TOR,MIN,4,3,2:33,13930,2012-10-02 19:07:00,2012-10-02 21:40:00
TOR,MIN,2,1,2:21,19769,2012-10-03 19:07:00,2012-10-03 21:28:00
TOR,CLE,1,4,2:31,48857,2013-04-02 19:07:00,2013-04-02 21:38:00
TOR,CLE,2,3,3:23,24619,2013-04-03 19:07:00,2013-04-03 22:30:00
TOR,CLE,10,8,2:49,19515,2013-04-04 19:07:00,2013-04-04 21:56:00
TOR,BOS,4,6,3:35,45328,2013-04-05 19:07:00,2013-04-05 22:42:00
TOR,BOS,5,0,2:38,45797,2013-04-06 15:07:00,2013-04-06 17:45:00
TOR,BOS,0,13,2:44,41168,2013-04-07 13:07:00,2013-04-07 15:51:00
TOR,CHW,4,3,2:38,15755,2013-04-15 19:07:00,2013-04-15 21:45:00
TOR,CHW,3,4,2:42,16131,2013-04-16 19:07:00,2013-04-16 21:49:00
TOR,CHW,0,7,2:34,15684,2013-04-17 19:07:00,2013-04-17 21:41:00
TOR,CHW,3,1,2:10,18015,2013-04-18 19:07:00,2013-04-18 21:17:00
TOR,NYY,4,9,2:37,40028,2013-04-19 19:07:00,2013-04-19 21:44:00
TOR,NYY,3,5,3:23,46095,2013-04-20 15:07:00,2013-04-20 18:30:00
TOR,NYY,8,4,3:13,45575,2013-04-21 13:07:00,2013-04-21 16:20:00
TOR,BOS,9,7,3:14,22915,2013-04-30 19:07:00,2013-04-30 22:21:00
TOR,BOS,1,10,2:52,21094,2013-05-01 19:07:00,2013-05-01 21:59:00
TOR,BOS,1,3,3:22,25851,2013-05-02 19:07:00,2013-05-02 22:29:00
TOR,SEA,0,4,2:17,23779,2013-05-03 19:07:00,2013-05-03 21:24:00
TOR,SEA,1,8,2:28,35754,2013-05-04 15:07:00,2013-05-04 17:35:00
TOR,SEA,10,2,2:27,22937,2013-05-05 13:07:00,2013-05-05 15:34:00
TOR,SFG,10,6,2:54,31753,2013-05-14 19:07:00,2013-05-14 22:01:00
TOR,SFG,11,3,2:54,32863,2013-05-15 19:07:00,2013-05-15 22:01:00
TOR,TBR,7,5,2:45,29885,2013-05-20 12:37:00,2013-05-20 15:22:00
TOR,TBR,3,4,3:15,15802,2013-05-21 19:07:00,2013-05-21 22:22:00
TOR,TBR,4,3,3:06,18771,2013-05-22 12:37:00,2013-05-22 15:43:00
TOR,BAL,12,6,2:53,21466,2013-05-23 19:07:00,2013-05-23 22:00:00
TOR,BAL,6,10,3:14,25104,2013-05-24 19:07:00,2013-05-24 22:21:00
TOR,BAL,5,6,2:56,35915,2013-05-25 15:07:00,2013-05-25 18:03:00
TOR,BAL,6,5,3:19,28502,2013-05-26 13:07:00,2013-05-26 16:26:00
TOR,ATL,9,3,2:41,22808,2013-05-27 19:07:00,2013-05-27 21:48:00
TOR,ATL,6,7,3:18,45224,2013-05-28 12:37:00,2013-05-28 15:55:00
TOR,TEX,6,1,2:09,36010,2013-06-07 19:07:00,2013-06-07 21:16:00
TOR,TEX,4,3,5:28,44079,2013-06-08 15:07:00,2013-06-08 20:35:00
TOR,TEX,4,6,2:58,42722,2013-06-09 13:07:00,2013-06-09 16:05:00
TOR,COL,2,0,2:24,20496,2013-06-17 19:07:00,2013-06-17 21:31:00
TOR,COL,8,3,2:20,22852,2013-06-18 19:07:00,2013-06-18 21:27:00
TOR,COL,5,2,2:58,27235,2013-06-19 19:07:00,2013-06-19 22:05:00
TOR,BAL,7,6,2:37,35472,2013-06-21 19:07:00,2013-06-21 21:44:00
TOR,BAL,4,2,2:35,43261,2013-06-22 15:07:00,2013-06-22 17:42:00
TOR,BAL,13,5,2:36,45214,2013-06-23 13:07:00,2013-06-23 15:43:00
TOR,DET,8,3,2:20,45766,2013-07-01 12:37:00,2013-07-01 14:57:00
TOR,DET,6,7,2:48,27189,2013-07-02 19:07:00,2013-07-02 21:55:00
TOR,DET,2,6,3:11,28958,2013-07-03 19:07:00,2013-07-03 22:18:00
TOR,DET,1,11,3:05,35978,2013-07-04 19:07:00,2013-07-04 22:12:00
TOR,MIN,4,0,2:26,25672,2013-07-05 19:07:00,2013-07-05 21:33:00
TOR,MIN,0,6,2:33,37034,2013-07-06 15:07:00,2013-07-06 17:40:00
TOR,MIN,11,5,3:12,43795,2013-07-07 13:07:00,2013-07-07 16:19:00
TOR,TBR,5,8,3:15,33266,2013-07-19 19:07:00,2013-07-19 22:22:00
TOR,TBR,3,4,3:17,42639,2013-07-20 15:07:00,2013-07-20 18:24:00
TOR,TBR,3,4,3:01,41247,2013-07-21 13:07:00,2013-07-21 16:08:00
TOR,LAD,5,14,3:21,34515,2013-07-22 19:07:00,2013-07-22 22:28:00
TOR,LAD,9,10,3:33,32158,2013-07-23 19:07:00,2013-07-23 22:40:00
TOR,LAD,3,8,3:44,35368,2013-07-24 19:07:00,2013-07-24 22:51:00
TOR,HOU,4,0,2:18,24188,2013-07-25 19:07:00,2013-07-25 21:25:00
TOR,HOU,12,6,3:22,24088,2013-07-26 19:07:00,2013-07-26 22:29:00
TOR,HOU,6,8,2:49,34317,2013-07-27 15:07:00,2013-07-27 17:56:00
TOR,HOU,2,1,3:15,31634,2013-07-28 13:07:00,2013-07-28 16:22:00
TOR,OAK,6,14,3:14,31862,2013-08-09 19:07:00,2013-08-09 22:21:00
TOR,OAK,5,4,2:49,39634,2013-08-10 15:07:00,2013-08-10 17:56:00
TOR,OAK,4,6,3:16,45312,2013-08-11 13:07:00,2013-08-11 16:23:00
TOR,OAK,1,5,2:34,36111,2013-08-12 12:37:00,2013-08-12 15:11:00
TOR,BOS,2,4,3:37,32816,2013-08-13 19:07:00,2013-08-13 22:44:00
TOR,BOS,4,3,3:20,31695,2013-08-14 19:07:00,2013-08-14 22:27:00
TOR,BOS,2,1,2:43,40477,2013-08-15 19:07:00,2013-08-15 21:50:00
TOR,NYY,5,2,2:33,35241,2013-08-26 19:07:00,2013-08-26 21:40:00
TOR,NYY,1,7,2:43,34047,2013-08-27 19:07:00,2013-08-27 21:50:00
TOR,NYY,7,2,2:51,36565,2013-08-28 19:07:00,2013-08-28 21:58:00
TOR,KCR,3,2,2:24,21031,2013-08-30 19:07:00,2013-08-30 21:31:00
TOR,KCR,4,2,2:32,34315,2013-08-31 15:07:00,2013-08-31 17:39:00
TOR,KCR,0,5,2:51,22961,2013-09-01 13:07:00,2013-09-01 15:58:00
TOR,LAA,6,12,2:43,19079,2013-09-10 19:07:00,2013-09-10 21:50:00
TOR,LAA,4,5,2:43,17994,2013-09-11 19:07:00,2013-09-11 21:50:00
TOR,LAA,3,4,3:10,20767,2013-09-12 19:07:00,2013-09-12 22:17:00
TOR,BAL,3,5,2:41,20024,2013-09-13 19:07:00,2013-09-13 21:48:00
TOR,BAL,4,3,2:23,29942,2013-09-14 15:07:00,2013-09-14 17:30:00
TOR,BAL,1,3,2:53,22331,2013-09-15 13:07:00,2013-09-15 16:00:00
TOR,NYY,2,0,2:25,24894,2013-09-17 19:07:00,2013-09-17 21:32:00
TOR,NYY,3,4,2:52,24247,2013-09-18 19:07:00,2013-09-18 21:59:00
TOR,NYY,6,2,2:53,32003,2013-09-19 19:07:00,2013-09-19 22:00:00
TOR,TBR,6,3,2:42,27288,2013-09-27 19:07:00,2013-09-27 21:49:00
TOR,TBR,7,2,3:18,33232,2013-09-28 15:07:00,2013-09-28 18:25:00
TOR,TBR,6,7,3:22,44551,2013-09-29 13:07:00,2013-09-29 16:29:00
TOR,NYY,3,7,3:26,48197,2014-04-04 19:07:00,2014-04-04 22:33:00
TOR,NYY,4,0,2:45,45446,2014-04-05 15:07:00,2014-04-05 17:52:00
TOR,NYY,4,6,2:57,34067,2014-04-06 13:07:00,2014-04-06 16:04:00
TOR,HOU,5,2,2:52,13123,2014-04-08 19:07:00,2014-04-08 21:59:00
TOR,HOU,7,3,3:09,13569,2014-04-09 19:07:00,2014-04-09 22:16:00
TOR,HOU,4,6,2:49,15778,2014-04-10 19:07:00,2014-04-10 21:56:00
TOR,BAL,9,3,2:54,14866,2014-04-22 19:07:00,2014-04-22 22:01:00
TOR,BAL,8,10,3:11,15202,2014-04-23 19:07:00,2014-04-23 22:18:00
TOR,BAL,4,11,2:54,16283,2014-04-24 19:07:00,2014-04-24 22:01:00
TOR,BOS,1,8,2:57,29411,2014-04-25 19:07:00,2014-04-25 22:04:00
TOR,BOS,6,7,3:23,40322,2014-04-26 15:07:00,2014-04-26 18:30:00
TOR,BOS,7,1,2:28,45260,2014-04-27 13:07:00,2014-04-27 15:35:00
TOR,PHI,10,0,2:23,16446,2014-05-07 19:07:00,2014-05-07 21:30:00
TOR,PHI,12,6,3:00,18158,2014-05-08 19:07:00,2014-05-08 22:07:00
TOR,LAA,3,4,3:09,21383,2014-05-09 19:07:00,2014-05-09 22:16:00
TOR,LAA,3,5,2:46,31412,2014-05-10 15:07:00,2014-05-10 17:53:00
TOR,LAA,3,9,3:24,20871,2014-05-11 13:07:00,2014-05-11 16:31:00
TOR,LAA,7,3,2:45,13603,2014-05-12 19:07:00,2014-05-12 21:52:00
TOR,CLE,5,4,2:29,13673,2014-05-13 19:07:00,2014-05-13 21:36:00
TOR,CLE,4,15,3:37,14068,2014-05-14 19:07:00,2014-05-14 22:44:00
TOR,CLE,4,2,3:23,17364,2014-05-15 19:07:00,2014-05-15 22:30:00
TOR,OAK,3,2,2:37,21007,2014-05-23 19:07:00,2014-05-23 21:44:00
TOR,OAK,5,2,2:35,29372,2014-05-24 15:07:00,2014-05-24 17:42:00
TOR,OAK,3,1,3:08,45277,2014-05-25 13:07:00,2014-05-25 16:15:00
TOR,TBR,10,5,2:58,15616,2014-05-26 19:07:00,2014-05-26 22:05:00
TOR,TBR,9,6,3:00,15993,2014-05-27 19:07:00,2014-05-27 22:07:00
TOR,TBR,3,2,3:23,17309,2014-05-28 19:07:00,2014-05-28 22:30:00
TOR,KCR,6,8,3:26,17978,2014-05-29 19:07:00,2014-05-29 22:33:00
TOR,KCR,1,6,3:01,21543,2014-05-30 19:07:00,2014-05-30 22:08:00
TOR,KCR,12,2,2:53,31652,2014-05-31 15:07:00,2014-05-31 18:00:00
TOR,KCR,4,0,2:14,38008,2014-06-01 13:07:00,2014-06-01 15:21:00
TOR,STL,3,1,3:12,33528,2014-06-06 19:07:00,2014-06-06 22:19:00
TOR,STL,0,5,2:37,42981,2014-06-07 15:07:00,2014-06-07 17:44:00
TOR,STL,0,5,2:42,45726,2014-06-08 13:07:00,2014-06-08 15:49:00
TOR,MIN,5,4,2:53,19428,2014-06-09 19:07:00,2014-06-09 22:00:00
TOR,MIN,0,4,3:07,20681,2014-06-10 19:07:00,2014-06-10 22:14:00
TOR,MIN,2,7,2:57,45080,2014-06-11 12:37:00,2014-06-11 15:34:00
TOR,NYY,8,3,2:45,31554,2014-06-23 19:07:00,2014-06-23 21:52:00
TOR,NYY,7,6,3:05,34206,2014-06-24 19:07:00,2014-06-24 22:12:00
TOR,NYY,3,5,3:02,34710,2014-06-25 19:07:00,2014-06-25 22:09:00
TOR,CHW,7,0,3:00,23248,2014-06-26 19:07:00,2014-06-26 22:07:00
TOR,CHW,4,5,2:58,24173,2014-06-27 19:07:00,2014-06-27 22:05:00
TOR,CHW,3,4,2:58,39623,2014-06-28 15:07:00,2014-06-28 18:05:00
TOR,CHW,0,4,2:32,33177,2014-06-29 13:07:00,2014-06-29 15:39:00
TOR,MIL,4,1,2:56,45088,2014-07-01 12:37:00,2014-07-01 15:33:00
TOR,MIL,7,4,3:01,24286,2014-07-02 12:37:00,2014-07-02 15:38:00
TOR,TEX,1,5,2:56,38012,2014-07-18 19:07:00,2014-07-18 22:03:00
TOR,TEX,4,1,3:02,45802,2014-07-19 15:07:00,2014-07-19 18:09:00
TOR,TEX,9,6,3:07,36011,2014-07-20 13:07:00,2014-07-20 16:14:00
TOR,BOS,1,14,2:45,27905,2014-07-21 19:07:00,2014-07-21 21:52:00
TOR,BOS,7,3,3:07,29269,2014-07-22 19:07:00,2014-07-22 22:14:00
TOR,BOS,6,4,2:35,35696,2014-07-23 19:07:00,2014-07-23 21:42:00
TOR,BOS,8,0,2:56,46683,2014-07-24 12:37:00,2014-07-24 15:33:00
TOR,BAL,3,9,3:29,36183,2014-08-05 19:07:00,2014-08-05 22:36:00
TOR,BAL,5,1,2:41,33054,2014-08-06 19:07:00,2014-08-06 21:48:00
TOR,BAL,1,2,2:59,34676,2014-08-07 19:07:00,2014-08-07 22:06:00
TOR,DET,4,5,3:19,36237,2014-08-08 19:07:00,2014-08-08 22:26:00
TOR,DET,3,2,2:50,45927,2014-08-09 15:07:00,2014-08-09 17:57:00
TOR,DET,6,5,6:37,46126,2014-08-10 13:07:00,2014-08-10 19:44:00
TOR,TBR,0,8,2:45,28506,2014-08-22 19:07:00,2014-08-22 21:52:00
TOR,TBR,5,4,3:19,37451,2014-08-23 15:07:00,2014-08-23 18:26:00
TOR,TBR,1,2,3:28,38869,2014-08-24 13:07:00,2014-08-24 16:35:00
TOR,BOS,3,4,3:07,26041,2014-08-25 19:07:00,2014-08-25 22:14:00
TOR,BOS,7,11,4:33,27321,2014-08-26 19:07:00,2014-08-26 23:40:00
TOR,BOS,5,2,2:38,30285,2014-08-27 19:07:00,2014-08-27 21:45:00
TOR,NYY,3,6,3:20,43318,2014-08-29 19:07:00,2014-08-29 22:27:00
TOR,NYY,2,0,2:32,45863,2014-08-30 15:07:00,2014-08-30 17:39:00
TOR,NYY,4,3,2:28,45678,2014-08-31 13:07:00,2014-08-31 15:35:00
TOR,CHC,8,0,2:20,16879,2014-09-08 19:07:00,2014-09-08 21:27:00
TOR,CHC,9,2,3:04,17903,2014-09-09 19:07:00,2014-09-09 22:11:00
TOR,CHC,11,1,3:12,19411,2014-09-10 19:07:00,2014-09-10 22:19:00
TOR,TBR,0,1,2:55,19909,2014-09-12 19:07:00,2014-09-12 22:02:00
TOR,TBR,6,3,2:40,31368,2014-09-13 15:07:00,2014-09-13 17:47:00
TOR,TBR,5,6,3:26,28633,2014-09-14 13:07:00,2014-09-14 16:33:00
TOR,SEA,14,4,2:48,15548,2014-09-22 19:07:00,2014-09-22 21:55:00
TOR,SEA,10,2,2:36,16272,2014-09-23 19:07:00,2014-09-23 21:43:00
TOR,SEA,1,0,1:59,16836,2014-09-24 19:07:00,2014-09-24 21:06:00
TOR,SEA,5,7,3:02,17173,2014-09-25 12:37:00,2014-09-25 15:39:00
TOR,BAL,4,2,2:36,27037,2014-09-26 19:07:00,2014-09-26 21:43:00
TOR,BAL,4,2,2:25,37996,2014-09-27 15:07:00,2014-09-27 17:32:00
TOR,BAL,0,1,2:26,45901,2014-09-28 13:07:00,2014-09-28 15:33:00
TOR,TBR,1,2,2:30,48414,2015-04-13 19:07:00,2015-04-13 21:37:00
TOR,TBR,2,3,3:06,17264,2015-04-14 19:07:00,2015-04-14 22:13:00
TOR,TBR,12,7,3:02,15086,2015-04-15 19:07:00,2015-04-15 22:09:00
TOR,TBR,2,4,3:00,14433,2015-04-16 19:07:00,2015-04-16 22:07:00
TOR,ATL,7,8,3:09,21397,2015-04-17 19:07:00,2015-04-17 22:16:00
TOR,ATL,6,5,2:41,34743,2015-04-18 15:07:00,2015-04-18 17:48:00
TOR,ATL,2,5,2:41,44794,2015-04-19 13:07:00,2015-04-19 15:48:00
TOR,BAL,13,6,2:53,14184,2015-04-21 19:07:00,2015-04-21 22:00:00
TOR,BAL,4,2,2:36,15606,2015-04-22 19:07:00,2015-04-22 21:43:00
TOR,BAL,7,6,2:36,18581,2015-04-23 19:07:00,2015-04-23 21:43:00
TOR,NYY,3,1,2:18,19217,2015-05-04 19:07:00,2015-05-04 21:25:00
TOR,NYY,3,6,2:54,21519,2015-05-05 19:07:00,2015-05-05 22:01:00
TOR,NYY,5,1,2:30,21312,2015-05-06 19:07:00,2015-05-06 21:37:00
TOR,BOS,7,0,2:41,30430,2015-05-08 19:07:00,2015-05-08 21:48:00
TOR,BOS,7,1,3:12,42917,2015-05-09 15:07:00,2015-05-09 18:19:00
TOR,BOS,3,6,2:38,42419,2015-05-10 13:07:00,2015-05-10 15:45:00
TOR,LAA,10,6,3:28,29306,2015-05-18 12:37:00,2015-05-18 16:05:00
TOR,LAA,2,3,2:32,15062,2015-05-19 19:07:00,2015-05-19 21:39:00
TOR,LAA,3,4,2:36,16402,2015-05-20 19:07:00,2015-05-20 21:43:00
TOR,LAA,8,4,2:22,19014,2015-05-21 19:07:00,2015-05-21 21:29:00
TOR,SEA,3,4,2:30,21195,2015-05-22 19:07:00,2015-05-22 21:37:00
TOR,SEA,2,3,2:25,33086,2015-05-23 15:07:00,2015-05-23 17:32:00
TOR,SEA,8,2,2:50,37929,2015-05-24 13:07:00,2015-05-24 15:57:00
TOR,CHW,6,0,2:10,15168,2015-05-25 19:07:00,2015-05-25 21:17:00
TOR,CHW,10,9,3:12,17276,2015-05-26 19:07:00,2015-05-26 22:19:00
TOR,CHW,3,5,3:31,15463,2015-05-27 12:37:00,2015-05-27 16:08:00
TOR,HOU,6,2,2:35,22971,2015-06-05 19:07:00,2015-06-05 21:42:00
TOR,HOU,7,2,3:16,31809,2015-06-06 15:07:00,2015-06-06 18:23:00
TOR,HOU,7,6,3:06,35571,2015-06-07 13:07:00,2015-06-07 16:13:00
TOR,MIA,11,3,2:47,17582,2015-06-08 19:07:00,2015-06-08 21:54:00
TOR,MIA,4,3,2:16,20558,2015-06-09 19:07:00,2015-06-09 21:23:00
TOR,MIA,7,2,2:08,44106,2015-06-10 12:37:00,2015-06-10 14:45:00
TOR,NYM,8,0,2:33,28906,2015-06-17 19:07:00,2015-06-17 21:40:00
TOR,NYM,7,1,2:34,27588,2015-06-18 19:07:00,2015-06-18 21:41:00
TOR,BAL,5,4,3:07,32322,2015-06-19 19:07:00,2015-06-19 22:14:00
TOR,BAL,3,5,2:56,46018,2015-06-20 15:07:00,2015-06-20 18:03:00
TOR,BAL,9,13,3:44,46092,2015-06-21 13:07:00,2015-06-21 16:51:00
TOR,TEX,12,2,2:26,25821,2015-06-26 19:07:00,2015-06-26 21:33:00
TOR,TEX,0,4,2:24,37167,2015-06-27 15:07:00,2015-06-27 17:31:00
TOR,TEX,3,2,2:40,42376,2015-06-28 13:07:00,2015-06-28 15:47:00
TOR,BOS,1,3,2:26,27107,2015-06-29 19:07:00,2015-06-29 21:33:00
TOR,BOS,3,4,3:04,28942,2015-06-30 19:07:00,2015-06-30 22:11:00
TOR,BOS,11,2,2:19,45392,2015-07-01 12:37:00,2015-07-01 14:56:00
TOR,BOS,6,12,3:34,29758,2015-07-02 19:07:00,2015-07-02 22:41:00
TOR,TBR,6,2,2:35,32908,2015-07-17 19:07:00,2015-07-17 21:42:00
TOR,TBR,2,3,2:38,41583,2015-07-18 15:07:00,2015-07-18 17:45:00
TOR,TBR,4,0,2:30,41683,2015-07-19 13:07:00,2015-07-19 15:37:00
TOR,PHI,2,3,2:29,30516,2015-07-28 19:07:00,2015-07-28 21:36:00
TOR,PHI,8,2,2:37,27060,2015-07-29 19:07:00,2015-07-29 21:44:00
TOR,KCR,5,2,2:33,30057,2015-07-30 19:07:00,2015-07-30 21:40:00
TOR,KCR,7,6,3:23,29389,2015-07-31 19:07:00,2015-07-31 22:30:00
TOR,KCR,6,7,2:30,37932,2015-08-01 15:07:00,2015-08-01 17:37:00
TOR,KCR,5,2,3:02,45736,2015-08-02 13:07:00,2015-08-02 16:09:00
TOR,MIN,5,1,2:37,45766,2015-08-03 12:37:00,2015-08-03 15:14:00
TOR,MIN,3,1,2:36,26504,2015-08-04 19:07:00,2015-08-04 21:43:00
TOR,MIN,9,7,3:06,27725,2015-08-05 19:07:00,2015-08-05 22:13:00
TOR,MIN,9,3,2:39,34847,2015-08-06 19:07:00,2015-08-06 21:46:00
TOR,OAK,4,2,2:35,39381,2015-08-11 19:07:00,2015-08-11 21:42:00
TOR,OAK,10,3,2:39,44597,2015-08-12 19:07:00,2015-08-12 21:46:00
TOR,OAK,4,2,2:25,46902,2015-08-13 12:37:00,2015-08-13 15:02:00
TOR,NYY,3,4,3:14,46689,2015-08-14 19:07:00,2015-08-14 22:21:00
TOR,NYY,1,4,2:57,46630,2015-08-15 15:07:00,2015-08-15 18:04:00
TOR,NYY,3,1,2:41,46792,2015-08-16 13:07:00,2015-08-16 15:48:00
TOR,DET,5,3,2:25,46518,2015-08-28 19:07:00,2015-08-28 21:32:00
TOR,DET,15,1,3:25,46444,2015-08-29 15:07:00,2015-08-29 18:32:00
TOR,DET,9,2,2:38,46625,2015-08-30 13:07:00,2015-08-30 15:45:00
TOR,CLE,2,4,2:56,46643,2015-08-31 19:07:00,2015-08-31 22:03:00
TOR,CLE,5,3,3:06,41356,2015-09-01 19:07:00,2015-09-01 22:13:00
TOR,CLE,5,1,2:34,46538,2015-09-02 19:07:00,2015-09-02 21:41:00
TOR,BAL,2,10,2:56,46201,2015-09-04 19:07:00,2015-09-04 22:03:00
TOR,BAL,5,1,2:42,46373,2015-09-05 15:07:00,2015-09-05 17:49:00
TOR,BAL,10,4,3:22,46136,2015-09-06 13:07:00,2015-09-06 16:29:00
TOR,BOS,6,1,2:32,47126,2015-09-18 19:07:00,2015-09-18 21:39:00
TOR,BOS,6,7,3:08,47415,2015-09-19 15:07:00,2015-09-19 18:15:00
TOR,BOS,3,4,2:51,46743,2015-09-20 13:07:00,2015-09-20 15:58:00
TOR,NYY,4,2,3:15,47648,2015-09-21 19:07:00,2015-09-21 22:22:00
TOR,NYY,4,6,3:39,47992,2015-09-22 19:07:00,2015-09-22 22:46:00
TOR,NYY,4,0,2:52,48056,2015-09-23 19:07:00,2015-09-23 21:59:00
TOR,TBR,5,3,2:44,47696,2015-09-25 19:07:00,2015-09-25 21:51:00
TOR,TBR,10,8,3:17,47094,2015-09-26 15:07:00,2015-09-26 18:24:00
TOR,TBR,5,4,2:55,47287,2015-09-27 13:07:00,2015-09-27 16:02:00
TOR,BOS,7,8,3:24,48871,2016-04-08 19:07:00,2016-04-08 22:31:00
TOR,BOS,4,8,2:48,47138,2016-04-09 15:07:00,2016-04-09 17:55:00
TOR,BOS,3,0,2:27,46158,2016-04-10 13:07:00,2016-04-10 15:34:00
TOR,NYY,2,3,3:03,28819,2016-04-12 19:07:00,2016-04-12 22:10:00
TOR,NYY,7,2,2:43,27938,2016-04-13 19:07:00,2016-04-13 21:50:00
TOR,NYY,4,2,2:22,36238,2016-04-14 19:07:00,2016-04-14 21:29:00
TOR,OAK,5,8,3:21,34251,2016-04-22 19:07:00,2016-04-22 22:28:00
TOR,OAK,9,3,2:38,46334,2016-04-23 15:07:00,2016-04-23 17:45:00
TOR,OAK,6,3,2:44,46300,2016-04-24 13:07:00,2016-04-24 15:51:00
TOR,CHW,5,7,3:24,24333,2016-04-25 19:07:00,2016-04-25 22:31:00
TOR,CHW,1,10,2:35,23726,2016-04-26 19:07:00,2016-04-26 21:42:00
TOR,CHW,0,4,2:52,28759,2016-04-27 19:07:00,2016-04-27 21:59:00
TOR,TEX,1,2,2:44,25323,2016-05-02 19:07:00,2016-05-02 21:51:00
TOR,TEX,3,1,3:25,24437,2016-05-03 19:07:00,2016-05-03 22:32:00
TOR,TEX,4,3,2:32,25229,2016-05-04 19:07:00,2016-05-04 21:39:00
TOR,TEX,12,2,2:33,35468,2016-05-05 19:07:00,2016-05-05 21:40:00
TOR,LAD,5,2,2:53,42304,2016-05-06 19:07:00,2016-05-06 22:00:00
TOR,LAD,2,6,2:28,47156,2016-05-07 15:07:00,2016-05-07 17:35:00
TOR,LAD,2,4,3:10,46665,2016-05-08 13:07:00,2016-05-08 16:17:00
TOR,TBR,2,13,2:54,26516,2016-05-16 19:07:00,2016-05-16 22:01:00
TOR,TBR,2,12,2:43,27321,2016-05-17 19:07:00,2016-05-17 21:50:00
TOR,TBR,3,6,2:48,29078,2016-05-18 19:07:00,2016-05-18 21:55:00
TOR,BOS,7,5,2:53,46470,2016-05-27 19:07:00,2016-05-27 22:00:00
TOR,BOS,10,9,3:37,48154,2016-05-28 15:07:00,2016-05-28 18:44:00
TOR,BOS,3,5,4:07,47916,2016-05-29 13:07:00,2016-05-29 17:14:00
TOR,NYY,4,2,2:26,32921,2016-05-30 19:07:00,2016-05-30 21:33:00
TOR,NYY,4,1,2:37,33419,2016-05-31 19:07:00,2016-05-31 21:44:00
TOR,NYY,7,0,2:57,39512,2016-06-01 19:07:00,2016-06-01 22:04:00
TOR,BAL,5,6,3:12,41448,2016-06-09 19:07:00,2016-06-09 22:19:00
TOR,BAL,4,3,2:54,44439,2016-06-10 19:07:00,2016-06-10 22:01:00
TOR,BAL,11,6,3:05,47651,2016-06-11 15:07:00,2016-06-11 18:12:00
TOR,BAL,10,9,3:11,47249,2016-06-12 13:07:00,2016-06-12 16:18:00
TOR,PHI,0,7,2:55,35678,2016-06-13 19:07:00,2016-06-13 22:02:00
TOR,PHI,11,3,2:43,47066,2016-06-14 12:37:00,2016-06-14 15:20:00
TOR,ARI,2,4,2:42,41838,2016-06-21 19:07:00,2016-06-21 21:49:00
TOR,ARI,5,2,2:54,46967,2016-06-22 12:37:00,2016-06-22 15:31:00
TOR,CLE,1,4,2:33,41365,2016-06-30 19:07:00,2016-06-30 21:40:00
TOR,CLE,1,2,6:13,45825,2016-07-01 12:37:00,2016-07-01 18:50:00
TOR,CLE,9,6,3:19,46197,2016-07-02 15:07:00,2016-07-02 18:26:00
TOR,CLE,17,1,3:10,45962,2016-07-03 13:07:00,2016-07-03 16:17:00
TOR,KCR,6,2,2:10,36438,2016-07-04 19:07:00,2016-07-04 21:17:00
TOR,KCR,8,3,2:32,35917,2016-07-05 19:07:00,2016-07-05 21:39:00
TOR,KCR,4,2,2:16,39971,2016-07-06 19:07:00,2016-07-06 21:23:00
TOR,DET,5,4,3:18,46283,2016-07-07 19:07:00,2016-07-07 22:25:00
TOR,DET,6,0,3:07,43228,2016-07-08 19:07:00,2016-07-08 22:14:00
TOR,DET,2,3,2:47,47684,2016-07-09 15:07:00,2016-07-09 17:54:00
TOR,DET,6,1,2:49,47747,2016-07-10 13:07:00,2016-07-10 15:56:00
TOR,SEA,1,2,2:41,46737,2016-07-22 19:07:00,2016-07-22 21:48:00
TOR,SEA,5,14,3:18,47517,2016-07-23 15:07:00,2016-07-23 18:25:00
TOR,SEA,2,0,2:21,47488,2016-07-24 13:07:00,2016-07-24 15:28:00
TOR,SDP,4,2,2:41,41483,2016-07-25 19:07:00,2016-07-25 21:48:00
TOR,SDP,7,6,3:58,45515,2016-07-26 19:07:00,2016-07-26 23:05:00
TOR,SDP,4,8,2:42,47301,2016-07-27 12:37:00,2016-07-27 15:19:00
TOR,BAL,6,5,2:45,46112,2016-07-29 19:07:00,2016-07-29 21:52:00
TOR,BAL,9,1,2:52,47305,2016-07-30 15:07:00,2016-07-30 17:59:00
TOR,BAL,2,6,3:47,46792,2016-07-31 13:07:00,2016-07-31 16:54:00
TOR,TBR,7,5,3:13,43812,2016-08-08 19:07:00,2016-08-08 22:20:00
TOR,TBR,2,9,2:56,43134,2016-08-09 19:07:00,2016-08-09 22:03:00
TOR,TBR,7,0,3:01,45501,2016-08-10 19:07:00,2016-08-10 22:08:00
TOR,HOU,3,5,2:49,46330,2016-08-12 19:07:00,2016-08-12 21:56:00
TOR,HOU,4,2,2:35,47505,2016-08-13 15:07:00,2016-08-13 17:42:00
TOR,HOU,9,2,2:59,47261,2016-08-14 13:07:00,2016-08-14 16:06:00
TOR,LAA,7,2,2:38,46696,2016-08-23 19:07:00,2016-08-23 21:45:00
TOR,LAA,2,8,3:21,44404,2016-08-24 19:07:00,2016-08-24 22:28:00
TOR,LAA,3,6,3:06,46273,2016-08-25 19:07:00,2016-08-25 22:13:00
TOR,MIN,15,8,3:11,42534,2016-08-26 19:07:00,2016-08-26 22:18:00
TOR,MIN,8,7,3:06,47485,2016-08-27 15:07:00,2016-08-27 18:13:00
TOR,MIN,9,6,3:00,47444,2016-08-28 13:07:00,2016-08-28 16:07:00
TOR,BOS,3,13,3:23,46953,2016-09-09 19:07:00,2016-09-09 22:30:00
TOR,BOS,3,2,3:03,47829,2016-09-10 15:07:00,2016-09-10 18:10:00
TOR,BOS,8,11,3:46,47816,2016-09-11 13:07:00,2016-09-11 16:53:00
TOR,TBR,3,2,2:13,35333,2016-09-12 19:07:00,2016-09-12 21:20:00
TOR,TBR,2,6,3:10,38338,2016-09-13 19:07:00,2016-09-13 22:17:00
TOR,TBR,1,8,2:58,41001,2016-09-14 12:37:00,2016-09-14 15:35:00
TOR,NYY,9,0,3:06,47016,2016-09-23 19:07:00,2016-09-23 22:13:00
TOR,NYY,3,0,2:34,47828,2016-09-24 15:07:00,2016-09-24 17:41:00
TOR,NYY,4,3,3:19,47896,2016-09-25 13:07:00,2016-09-25 16:26:00
TOR,NYY,5,7,3:22,44532,2016-09-26 19:07:00,2016-09-26 22:29:00
TOR,BAL,5,1,2:39,44762,2016-09-27 19:07:00,2016-09-27 21:46:00
TOR,BAL,2,3,3:04,44668,2016-09-28 19:07:00,2016-09-28 22:11:00
TOR,BAL,0,4,2:35,47791,2016-09-29 19:07:00,2016-09-29 21:42:00
TOR,MIL,3,4,3:31,48456,2017-04-11 19:07:00,2017-04-11 22:38:00
TOR,MIL,0,2,2:15,29919,2017-04-12 19:07:00,2017-04-12 21:22:00
TOR,BAL,1,2,2:45,32957,2017-04-13 19:07:00,2017-04-13 21:52:00
TOR,BAL,4,6,3:18,39547,2017-04-14 19:07:00,2017-04-14 22:25:00
TOR,BAL,2,1,2:39,40743,2017-04-15 15:07:00,2017-04-15 17:46:00
TOR,BAL,4,11,3:30,38188,2017-04-16 13:07:00,2017-04-16 16:37:00
TOR,BOS,7,8,3:48,29281,2017-04-18 19:07:00,2017-04-18 22:55:00
TOR,BOS,3,0,2:45,30842,2017-04-19 19:07:00,2017-04-19 21:52:00
TOR,BOS,1,4,3:07,44283,2017-04-20 12:37:00,2017-04-20 15:44:00
TOR,TBR,4,7,3:16,36256,2017-04-28 19:07:00,2017-04-28 22:23:00
TOR,TBR,4,1,3:02,42419,2017-04-29 15:07:00,2017-04-29 18:09:00
TOR,TBR,3,1,3:02,42986,2017-04-30 13:07:00,2017-04-30 16:09:00
TOR,CLE,4,2,2:55,40014,2017-05-08 19:07:00,2017-05-08 22:02:00
TOR,CLE,0,6,2:46,32688,2017-05-09 19:07:00,2017-05-09 21:53:00
TOR,CLE,8,7,3:31,35115,2017-05-10 19:07:00,2017-05-10 22:38:00
TOR,SEA,7,2,2:45,29120,2017-05-11 19:07:00,2017-05-11 21:52:00
TOR,SEA,4,0,2:36,32865,2017-05-12 19:07:00,2017-05-12 21:43:00
TOR,SEA,7,2,3:25,42346,2017-05-13 15:07:00,2017-05-13 18:32:00
TOR,SEA,3,2,3:17,42030,2017-05-14 13:07:00,2017-05-14 16:24:00
TOR,ATL,6,10,3:15,29766,2017-05-15 19:07:00,2017-05-15 22:22:00
TOR,ATL,5,9,3:07,34431,2017-05-16 12:37:00,2017-05-16 15:44:00
TOR,TEX,7,6,3:30,40754,2017-05-26 19:07:00,2017-05-26 22:37:00
TOR,TEX,3,1,3:16,46825,2017-05-27 15:07:00,2017-05-27 18:23:00
TOR,TEX,1,3,2:53,46188,2017-05-28 13:07:00,2017-05-28 16:00:00
TOR,CIN,17,2,3:06,29844,2017-05-29 19:07:00,2017-05-29 22:13:00
TOR,CIN,6,4,2:53,32747,2017-05-30 19:07:00,2017-05-30 22:00:00
TOR,CIN,5,4,2:53,44058,2017-05-31 12:37:00,2017-05-31 15:30:00
TOR,NYY,2,12,3:10,37722,2017-06-01 19:07:00,2017-06-01 22:17:00
TOR,NYY,7,5,3:13,44261,2017-06-02 19:07:00,2017-06-02 22:20:00
TOR,NYY,0,7,3:00,47226,2017-06-03 15:07:00,2017-06-03 18:07:00
TOR,NYY,3,2,2:27,46782,2017-06-04 13:07:00,2017-06-04 15:34:00
TOR,TBR,1,8,3:15,39404,2017-06-13 19:07:00,2017-06-13 22:22:00
TOR,TBR,7,6,3:07,37734,2017-06-14 19:07:00,2017-06-14 22:14:00
TOR,CHW,4,11,3:05,39071,2017-06-16 19:07:00,2017-06-16 22:12:00
TOR,CHW,2,5,2:44,47171,2017-06-17 15:07:00,2017-06-17 17:51:00
TOR,CHW,7,3,3:01,46599,2017-06-18 13:07:00,2017-06-18 16:08:00
TOR,BAL,1,3,3:00,40606,2017-06-27 19:07:00,2017-06-27 22:07:00
TOR,BAL,4,0,2:27,38847,2017-06-28 19:07:00,2017-06-28 21:34:00
TOR,BAL,0,2,2:20,37291,2017-06-29 19:07:00,2017-06-29 21:27:00
TOR,BOS,4,7,4:44,41357,2017-06-30 19:07:00,2017-06-30 23:51:00
TOR,BOS,1,7,2:54,46672,2017-07-01 15:07:00,2017-07-01 18:01:00
TOR,BOS,1,15,3:34,46696,2017-07-02 13:07:00,2017-07-02 16:41:00
TOR,HOU,7,4,3:18,40949,2017-07-06 19:07:00,2017-07-06 22:25:00
TOR,HOU,2,12,3:00,37332,2017-07-07 19:07:00,2017-07-07 22:07:00
TOR,HOU,7,2,2:44,46659,2017-07-08 15:07:00,2017-07-08 17:51:00
TOR,HOU,1,19,3:24,46622,2017-07-09 13:07:00,2017-07-09 16:31:00
TOR,OAK,4,2,2:37,39613,2017-07-24 19:07:00,2017-07-24 21:44:00
TOR,OAK,4,1,2:55,40624,2017-07-25 19:07:00,2017-07-25 22:02:00
TOR,OAK,3,2,2:51,41984,2017-07-26 19:07:00,2017-07-26 21:58:00
TOR,OAK,8,4,3:28,47484,2017-07-27 12:37:00,2017-07-27 16:05:00
TOR,LAA,2,7,2:47,39828,2017-07-28 19:07:00,2017-07-28 21:54:00
TOR,LAA,5,6,2:52,46502,2017-07-29 15:07:00,2017-07-29 17:59:00
TOR,LAA,11,10,3:38,46852,2017-07-30 13:07:00,2017-07-30 16:45:00
TOR,NYY,4,2,2:50,41596,2017-08-08 19:07:00,2017-08-08 21:57:00
TOR,NYY,5,11,3:44,39554,2017-08-09 19:07:00,2017-08-09 22:51:00
TOR,NYY,4,0,2:55,43212,2017-08-10 19:07:00,2017-08-10 22:02:00
TOR,PIT,2,4,2:41,35965,2017-08-11 19:07:00,2017-08-11 21:48:00
TOR,PIT,7,2,2:50,46179,2017-08-12 15:07:00,2017-08-12 17:57:00
TOR,PIT,7,1,2:51,43618,2017-08-13 13:07:00,2017-08-13 15:58:00
TOR,TBR,2,1,2:54,32151,2017-08-14 19:07:00,2017-08-14 22:01:00
TOR,TBR,4,6,3:13,33718,2017-08-15 19:07:00,2017-08-15 22:20:00
TOR,TBR,3,2,3:10,36784,2017-08-16 19:07:00,2017-08-16 22:17:00
TOR,TBR,5,3,3:01,46855,2017-08-17 12:37:00,2017-08-17 15:38:00
TOR,MIN,1,6,3:05,37525,2017-08-25 19:07:00,2017-08-25 22:12:00
TOR,MIN,10,9,3:04,45591,2017-08-26 15:07:00,2017-08-26 18:11:00
TOR,MIN,2,7,3:18,42478,2017-08-27 13:07:00,2017-08-27 16:25:00
TOR,BOS,5,6,3:23,35630,2017-08-28 19:07:00,2017-08-28 22:30:00
TOR,BOS,0,3,2:44,34674,2017-08-29 19:07:00,2017-08-29 21:51:00
TOR,BOS,1,7,2:58,37693,2017-08-30 19:07:00,2017-08-30 22:05:00
TOR,DET,4,5,2:34,31961,2017-09-08 19:07:00,2017-09-08 21:41:00
TOR,DET,5,4,3:03,44218,2017-09-09 15:07:00,2017-09-09 18:10:00
TOR,DET,8,2,2:48,39797,2017-09-10 13:07:00,2017-09-10 15:55:00
TOR,BAL,4,3,2:44,28401,2017-09-11 19:07:00,2017-09-11 21:51:00
TOR,BAL,3,2,2:40,29055,2017-09-12 19:07:00,2017-09-12 21:47:00
TOR,BAL,1,2,2:40,31714,2017-09-13 19:07:00,2017-09-13 21:47:00
TOR,KCR,5,2,2:27,33554,2017-09-19 19:07:00,2017-09-19 21:34:00
TOR,KCR,5,15,3:01,33050,2017-09-20 19:07:00,2017-09-20 22:08:00
TOR,KCR,0,1,2:39,35861,2017-09-21 19:07:00,2017-09-21 21:46:00
TOR,NYY,8,1,2:32,42153,2017-09-22 19:07:00,2017-09-22 21:39:00
TOR,NYY,1,5,2:54,46949,2017-09-23 15:07:00,2017-09-23 18:01:00
TOR,NYY,9,5,3:17,47394,2017-09-24 13:07:00,2017-09-24 16:24:00
TOR,NYY,1,6,2:51,48115,2018-03-29 12:37:00,2018-03-29 15:28:00
TOR,NYY,2,4,2:49,33716,2018-03-30 19:07:00,2018-03-30 21:56:00
TOR,NYY,5,3,2:37,37692,2018-03-31 15:07:00,2018-03-31 17:44:00
TOR,NYY,7,4,3:03,29091,2018-04-01 13:07:00,2018-04-01 16:10:00
TOR,CHW,4,2,2:51,16629,2018-04-02 19:07:00,2018-04-02 21:58:00
TOR,CHW,14,5,3:27,17451,2018-04-03 19:07:00,2018-04-03 22:34:00
TOR,CHW,3,4,2:56,17268,2018-04-04 19:07:00,2018-04-04 22:03:00
TOR,KCR,11,3,2:56,,2018-04-17 12:37:00,2018-04-17 15:33:00
TOR,KCR,5,4,3:37,18645,2018-04-17 12:37:00,2018-04-17 16:14:00
TOR,KCR,15,5,3:05,28803,2018-04-18 12:37:00,2018-04-18 15:42:00
TOR,BOS,4,3,2:51,20070,2018-04-24 19:07:00,2018-04-24 21:58:00
TOR,BOS,3,4,3:04,18914,2018-04-25 19:07:00,2018-04-25 22:11:00
TOR,BOS,4,5,3:08,23571,2018-04-26 19:07:00,2018-04-26 22:15:00
TOR,TEX,4,6,2:50,26312,2018-04-27 19:07:00,2018-04-27 21:57:00
TOR,TEX,4,7,3:00,39176,2018-04-28 15:07:00,2018-04-28 18:07:00
TOR,TEX,7,2,2:37,31669,2018-04-29 13:07:00,2018-04-29 15:44:00
TOR,SEA,0,5,2:19,20513,2018-05-08 19:07:00,2018-05-08 21:26:00
TOR,SEA,5,2,3:08,20290,2018-05-09 19:07:00,2018-05-09 22:15:00
TOR,SEA,3,9,2:58,22315,2018-05-10 19:07:00,2018-05-10 22:05:00
TOR,BOS,5,3,3:54,28695,2018-05-11 19:07:00,2018-05-11 23:01:00
TOR,BOS,2,5,3:11,37588,2018-05-12 15:07:00,2018-05-12 18:18:00
TOR,BOS,3,5,3:42,37888,2018-05-13 13:07:00,2018-05-13 16:49:00
TOR,OAK,5,10,3:34,22893,2018-05-17 19:07:00,2018-05-17 22:41:00
TOR,OAK,1,3,2:55,21703,2018-05-18 19:07:00,2018-05-18 22:02:00
TOR,OAK,4,5,3:16,35786,2018-05-19 15:07:00,2018-05-19 18:23:00
TOR,OAK,2,9,3:11,30676,2018-05-20 13:07:00,2018-05-20 16:18:00
TOR,LAA,5,3,2:31,21480,2018-05-22 19:07:00,2018-05-22 21:38:00
TOR,LAA,4,5,3:45,25504,2018-05-23 19:07:00,2018-05-23 22:52:00
TOR,LAA,1,8,2:53,43344,2018-05-24 12:37:00,2018-05-24 15:30:00
TOR,NYY,2,7,2:38,29308,2018-06-05 19:07:00,2018-06-05 21:45:00
TOR,NYY,0,3,3:41,27838,2018-06-06 19:07:00,2018-06-06 22:48:00
TOR,BAL,5,4,3:13,24494,2018-06-07 19:07:00,2018-06-07 22:20:00
TOR,BAL,5,1,2:44,28863,2018-06-08 19:07:00,2018-06-08 21:51:00
TOR,BAL,4,3,3:19,34643,2018-06-09 15:07:00,2018-06-09 18:26:00
TOR,BAL,13,3,3:03,33485,2018-06-10 13:07:00,2018-06-10 16:10:00
TOR,WSN,6,5,2:35,29633,2018-06-15 19:07:00,2018-06-15 21:42:00
TOR,WSN,2,0,2:34,36044,2018-06-16 15:07:00,2018-06-16 17:41:00
TOR,WSN,8,6,3:30,35146,2018-06-17 13:07:00,2018-06-17 16:37:00
TOR,ATL,4,11,3:03,32466,2018-06-19 19:07:00,2018-06-19 22:10:00
TOR,ATL,5,4,2:30,45563,2018-06-20 12:37:00,2018-06-20 15:07:00
TOR,DET,3,2,2:33,24068,2018-06-29 19:07:00,2018-06-29 21:40:00
TOR,DET,4,3,2:38,27066,2018-06-30 15:07:00,2018-06-30 17:45:00
TOR,DET,1,9,2:31,37445,2018-07-01 13:07:00,2018-07-01 15:38:00
TOR,DET,2,3,2:44,29575,2018-07-02 12:37:00,2018-07-02 15:21:00
TOR,NYM,8,6,3:13,24010,2018-07-03 19:07:00,2018-07-03 22:20:00
TOR,NYM,3,6,2:46,26038,2018-07-04 19:07:00,2018-07-04 21:53:00
TOR,NYY,6,2,3:07,37254,2018-07-06 19:07:00,2018-07-06 22:14:00
TOR,NYY,5,8,3:31,44352,2018-07-07 15:07:00,2018-07-07 18:38:00
TOR,NYY,1,2,2:51,39866,2018-07-08 13:07:00,2018-07-08 15:58:00
TOR,BAL,8,7,3:01,31115,2018-07-20 19:07:00,2018-07-20 22:08:00
TOR,BAL,4,1,2:30,35912,2018-07-21 15:07:00,2018-07-21 17:37:00
TOR,BAL,5,4,2:54,39021,2018-07-22 13:07:00,2018-07-22 16:01:00
TOR,MIN,3,8,3:18,25405,2018-07-23 19:07:00,2018-07-23 22:25:00
TOR,MIN,0,5,2:30,31933,2018-07-24 19:07:00,2018-07-24 21:37:00
TOR,MIN,6,12,4:20,32686,2018-07-25 12:37:00,2018-07-25 16:57:00
TOR,BOS,7,10,3:27,31855,2018-08-07 19:07:00,2018-08-07 22:34:00
TOR,BOS,5,10,3:02,36798,2018-08-08 19:07:00,2018-08-08 22:09:00
TOR,BOS,8,5,2:49,28415,2018-08-09 19:07:00,2018-08-09 21:56:00
TOR,TBR,0,7,2:27,23082,2018-08-10 19:07:00,2018-08-10 21:34:00
TOR,TBR,1,3,2:56,38797,2018-08-11 15:07:00,2018-08-11 18:03:00
TOR,TBR,2,1,2:34,33746,2018-08-12 13:07:00,2018-08-12 15:41:00
TOR,BAL,5,3,2:34,25031,2018-08-20 19:07:00,2018-08-20 21:41:00
TOR,BAL,8,2,2:39,25855,2018-08-21 19:07:00,2018-08-21 21:46:00
TOR,BAL,6,0,2:37,40595,2018-08-22 12:37:00,2018-08-22 15:14:00
TOR,PHI,4,2,2:43,26292,2018-08-24 19:07:00,2018-08-24 21:50:00
TOR,PHI,8,6,2:59,33127,2018-08-25 15:07:00,2018-08-25 18:06:00
TOR,PHI,3,8,3:17,28209,2018-08-26 13:07:00,2018-08-26 16:24:00
TOR,TBR,1,7,2:39,18034,2018-09-03 19:07:00,2018-09-03 21:46:00
TOR,TBR,0,4,2:38,17594,2018-09-04 19:07:00,2018-09-04 21:45:00
TOR,TBR,10,3,2:42,17872,2018-09-05 19:07:00,2018-09-05 21:49:00
TOR,CLE,4,9,2:53,20618,2018-09-06 19:07:00,2018-09-06 22:00:00
TOR,CLE,3,2,3:51,26830,2018-09-07 19:07:00,2018-09-07 22:58:00
TOR,CLE,8,9,3:38,35353,2018-09-08 15:07:00,2018-09-08 18:45:00
TOR,CLE,6,2,2:43,31184,2018-09-09 13:07:00,2018-09-09 15:50:00
TOR,TBR,9,8,3:13,19478,2018-09-20 19:07:00,2018-09-20 22:20:00
TOR,TBR,3,11,3:20,21167,2018-09-21 19:07:00,2018-09-21 22:27:00
TOR,TBR,5,2,2:44,27648,2018-09-22 15:07:00,2018-09-22 17:51:00
TOR,TBR,2,5,2:41,23944,2018-09-23 13:07:00,2018-09-23 15:48:00
TOR,HOU,3,5,3:12,23463,2018-09-24 19:07:00,2018-09-24 22:19:00
TOR,HOU,1,4,3:00,28440,2018-09-25 19:07:00,2018-09-25 22:07:00
TOR,HOU,3,1,2:27,22828,2018-09-26 12:37:00,2018-09-26 15:04:00
